m/z,SV 1500,SV 2000,SV 2500,SV 3000,SV 3250,SV 3500,SV 3750,SV 4000,Combined CCS,Name
194.04,0.1,0.1,0.3,0.5,0.90875,1.6,2.56625,3.8,138.66,5-Cl-MQOH
185.07,0.1,0.1,-0.2,-0.3,-0.145,0.2,0.77,1.6,132.21,5-CN-MQOH
178.07,-0.2,-0.4,-0.5,-0.3,0.076666667,0.7,1.598333333,2.8,127.47,5-F-MQOH
174.09,-0.2,-0.2,0,0.8,1.474583333,2.4,3.650416667,5.3,129.45,5-Me-MQOH
205.06,0.2,-0.1,0,-0.4,-0.34,0,0.59,1.4,137.66,5-NO2-MQOH
190.09,-0.1,-0.1,0.2,1.1,1.824166667,2.8,4.100833333,5.8,131.3341461,5-OMe-MQOH
159.1,0,-0.1,0.2,1.2,2.037916667,3.2,4.787083333,6.9,126.43,6-amino-2-MQ
194.04,0.1,-0.1,-0.3,0.1,0.575416667,1.3,2.349583333,3.8,139.83,6-Cl-MQOH
185.07,0.1,0,-0.8,-1.3,-1.234583333,-0.9,-0.265416667,0.7,132.72,6-CN-MQOH
178.07,0,-0.3,-0.8,-0.5,-0.02875,0.7,1.75375,3.2,129.26,6-F-MQOH
174.09,-0.2,-0.2,0.1,1,1.80875,2.9,4.29125,6,129.62,6-Me-MQOH
174.1,0.3,0.4,0.8,2.1,3.191666667,4.6,6.333333333,8.4,128.5946747,6-methoxy-2-MQ
158.1,0.2,0.2,0.6,1.9,3.026666667,4.5,6.323333333,8.5,126.14,6-methyl-2-MQ
189.1,0.6,0,-0.8,-0.6,-0.164583333,0.5,1.439583333,2.7,138.15,6-nitro-2-MQ
205.06,0.2,-0.1,-0.3,-1.2,-1.2875,-1,-0.3875,0.5,139.37,6-NO2-MQOH
190.09,-0.1,-0.1,0.2,1.2,1.976666667,3,4.348333333,6.1,132.9044375,6-OMe-MQOH
286.1,0.43,0.8,1.78,3.06,3.91575,5.04,6.54175,8.53,162.9061891,7-aminoclonazepam
178.1,0.4,0.3,0.1,0.9,1.750416667,2.9,4.349583333,6.1,129.57,7-chloro-2-MQ
194.04,0,0,0.1,0.7,1.36625,2.3,3.48375,4.9,136.88,7-Cl-MQOH
185.07,0.2,0.1,-0.5,-0.4,-0.100833333,0.4,1.175833333,2.3,130.92,7-CN-MQOH
178.07,-0.2,-0.4,-0.4,0,0.55875,1.4,2.51625,3.9,128.01,7-F-MQOH
174.09,-0.1,-0.1,0.2,0.9,1.594583333,2.6,3.955416667,5.7,128.85,7-Me-MQOH
205.06,0,-0.3,-0.7,-0.65,-0.390625,0.1,0.903125,2.1,135.95,7-NO2-MQOH
190.09,-0.1,0,0.3,1.4,2.189583333,3.2,4.535416667,6.3,131.9,7-OMe-MQOH
159.1,0.2,0.1,0.1,1.2,2.10375,3.3,4.89625,7,124.07,8-amino-2-MQ
178.1,0.1,0.2,0.6,1.7,2.69125,4,5.60875,7.5,127.88,8-chloro-2-MQ
174.1,0.2,0.5,1.2,2.6,3.780833333,5.3,7.119166667,9.2,128.2,8-methoxy-2-MQ
158.1,0.1,0.2,0.7,1.9,3.01625,4.5,6.30875,8.4,127.66,8-methyl-2-MQ
189.1,-0.1,-0.2,-0.2,0.5,1.292083333,2.4,3.807916667,5.5,130.62,8-nitro-2-MQ
262.09,0.7,1.2,2,3.3,4.075416667,5,6.174583333,7.7,160.2420356,A1a
262.09,0.8,1.4,2.3,3.7,4.534583333,5.5,6.665416667,8.1,158.2134897,A1b
259.1,0.7,1.3,2.3,3.8,4.750416667,5.9,7.324583333,9.1,163.2288916,A2a
259.1,1,1.3,2.3,3.7,4.64125,5.8,7.20875,8.9,166.6490326,A2b
258.1,1,1.5,2.5,4,4.84375,5.8,6.95625,8.4,155.4200715,A3a
258.1,1,1.7,2.9,4.4,5.31875,6.4,7.68125,9.2,162.1135112,A3b
286.1,0.4,0.8,1.4,2.3,2.995416667,3.9,5.029583333,6.4,175.7450472,A4a
286.1,0.6,1,1.7,2.4,2.702916667,3.1,3.747083333,4.8,178.952975,A4b
286.1,0.5,0.8,1.3,1.8,2.2925,3,3.9075,5,178.693298,A4c
364,0.8,1.3,2.2,3.4,4.124583333,5,6.100416667,7.5,177.505135,A5a
364,0.8,1.3,2.2,3.4,4.098333333,4.9,5.851666667,7,180.8847701,A5b
348.1,0.7,1.2,2.1,3.4,4.2125,5.2,6.4375,8,175.360806,A6a
348.1,0.8,1.3,2.1,3.2,3.759583333,4.4,5.240416667,6.4,178.6559385,A6b
277.16,0.7,1.3,2.5,4.2,5.325,6.7,8.375,10.4,163.1741892,B2a
277.16,0.9,1.5,2.4,3.4,4.037083333,4.9,6.112916667,7.8,169.0252042,B2b
335.1,0.8,1.4,2.5,4.3,5.449583333,6.8,8.400416667,10.3,171.4517179,B3a
335.1,0.8,1.5,2.5,4,4.830833333,5.8,7.044166667,8.7,184.488975,B3b
381.1,0.8,1.3,2.2,3.5,4.401666667,5.5,6.798333333,8.3,191.6725931,B4a
381.1,0.9,1.7,2.8,4.4,5.379166667,6.5,7.795833333,9.3,183.7650044,B4b
403.13,0.3,0.8,1.2,1.3,1.741666667,2.5,3.483333333,4.6,189.0919742,C1a
403.13,0.6,1.1,1.8,2,2.227083333,2.7,3.497916667,4.7,184.9832427,C1b
326.16,0.2,0.2,0.2,0.1,0.304583333,0.7,1.220416667,1.8,170.0392278,C2a
326.16,0.3,0.4,0.4,0.4,0.808333333,1.5,2.366666667,3.3,172.7863329,C2b
429.15,0.4,0.9,1.7,2.6,3.307083333,4.3,5.642916667,7.4,206.3184312,C3a
429.15,0.4,0.6,1,1.7,2.370833333,3.3,4.479166667,5.9,201.1761164,C3b
429.15,0.4,0.8,1.4,2.3,2.995416667,3.9,5.029583333,6.4,196.3540055,C4a
429.15,0.6,1,1.7,2.4,2.702916667,3.1,3.747083333,4.8,198.5846299,C4b
410.19,0.7,1.3,2.2,3.7,4.617916667,5.7,7.032083333,8.7,215.7733138,C5a
410.19,0.9,1.1,1.9,3,3.71375,4.6,5.71125,7.1,216.6570932,C5b
162.1,0.4,1,2,3.5,4.9925,6.6,7.7075,7.7,129.08065,CRG1a
149.1,-0.3,-1.1,-1.5,-1.1,-0.479583333,0.5,1.904583333,3.8,123.9876966,CRG1b
178.1,0.7,1.1,2.1,3.8,4.608333333,6,8.791666667,13.8,135.2200184,CRG1d
178.1,0.7,1.1,2.2,3.9,4.906666667,6.5,9.268333333,13.8,133.9770468,CRG1g
86.06,-0.2,-0.1,0.4,1.9,2.334583333,3,4.640416667,8,110.7566201,CRG2a
162.1,0.5,1,1.7,3.2,3.766666667,4.4,5.483333333,7.4,131.7958878,CRG2b
142.1,0.3,0.7,1.6,3.5,4.61,5.8,7.115,8.6,121.7875424,CRG2c
140.1,0.6,0.9,1.9,4.4,5.53125,6.7,8.26875,10.6,121.9026673,CRG2d
98.06,0,0.4,1.4,3.2,5.839166667,8.8,10.66083333,10,111.8516037,CRG3a
162.1,0.7,1,2.2,4,5.800416667,8,10.14958333,11.8,131.5394062,CRG3b
114.1,0.3,0.7,1.8,3.8,5.407083333,7.2,8.842916667,10,116.1795371,CRG3e
126.1,0.1,0.7,1.5,3.2,4.465833333,6,7.784166667,9.8,118.199664,CRG3f
100.1,0.1,0.5,1.4,3.4,5.142083333,7.1,8.857916667,10,113.2442056,CRG3g
112.1,0.3,0.6,1.5,2.7,4.350833333,6.4,8.199166667,9.1,115.5642886,CRG3i
130.1,0.1,0.5,1.5,3.4,4.794166667,6.2,7.255833333,7.6,122.2318068,CRG4a
116.1,0.3,0.9,1.7,3.8,5.288333333,7.1,9.311666667,12,116.0705156,CRG4b
160.08,-0.4,-0.6,-0.7,-0.4,0.055416667,0.8,1.894583333,3.4,125.75,MQOH
238.108,0.425218528,1.111554041,2.002821256,3.401035315,4.525617773,6.210372619,7.683466293,9.940974408,147.55,3-Hydroxycarbofuran
223.075,0.053658705,0.012421009,-0.10476087,0.000526662,0.276740533,0.811884688,1.48192171,2.410285346,154.35,Acetamiprid
211,0.403346151,0.791136672,1.30010448,2.249577952,2.997962371,3.910652163,4.96486448,6.32839944,134.84,Acibenzolar-S-methyl
223.075,-0.234360557,0.698967481,2.410339211,4.137919101,5.081798008,7.111500071,8.879864008,10.82590195,140,Aldicarb sulfone
228.13,0.437806849,1.148997825,2.375271166,4.042816799,5.066738693,6.368236982,7.669735272,9.287936024,151.92,Ametryn
209.129,0.271162286,0.495363622,0.78859288,1.622590234,2.35974176,3.211827395,4.458854901,6.025797683,148.55,Aminocarb
294.201,0.432646363,1.143479987,2.370297331,4.104370947,5.217034635,6.666762348,8.116490061,9.836655743,177.58,Amitraz
404.125,0.661557585,1.652677099,3.138012936,5.46455367,7.029590234,8.772781042,10.77800247,13.02639396,203.2381858,Azoxystrobin
326.177,0.113426079,0.694375698,1.543955174,3.05286971,4.289762804,6.051101738,7.601576076,9.402918437,170.2933321,Benalaxyl
364.075,0.438256047,1.079878085,1.873271904,3.888081613,5.37438862,6.19214241,7.830907107,9.651550124,183.7079814,Benzoximate
301.156,0.276955061,0.766580083,1.514669739,2.720635719,3.579377302,4.620804436,5.662231569,7.020777048,175.7,Bifenazate
338.187,-0.013945359,0.79983613,2.480322209,4.607274949,5.759296859,7.208966995,8.65863713,10.4635,191.72,Bitertanol
343.04,0.414805775,0.894159631,1.712282404,2.957407598,3.764431226,4.71765935,5.888757784,7.211975222,175.16,Boscalid
317.166,0.12568299,0.872202511,2.220296244,4.129387254,5.342531967,6.923445822,8.504359677,10.30960746,178.73,Bupirimate
306.169,0.380436236,1.14795422,2.313461619,4.009377682,5.060956009,6.173359372,7.592122042,9.06676847,172.88,Buprofezin
475.088,0.252895398,0.937,2.452859034,4.572858022,5.782127727,7.169610689,8.710411626,10.36930366,205.65,Butafenacil
223.075,0.004330716,0.329,1.116481711,2.7432326,3.832976249,4.743932054,6.387891155,8.328106656,141.54,Butoxycarboxim
192.077,0.302400848,0.904815315,2.020195611,3.735572126,4.923286037,6.583296579,8.359564393,10.33478152,135.72,Carbendazim
237.124,0.259298939,0.671705704,1.402533226,2.787687955,3.795012993,4.921053156,6.415711158,8.218769942,155.76,Carbetamide
222.113,0.484966916,1.339463487,2.787688848,4.895998612,6.213127266,7.722067331,9.450551323,11.39219649,142.47,Carbofuran
236.075,0.449269712,1.04084823,2.17344826,3.587263588,4.3884375,5.518336955,6.64823641,7.99906433,145.35,Carboxin
412.044,0.276159879,0.70013933,1.395997165,2.562928767,3.333404015,4.006670305,4.679936594,5.965564882,177.99,Carfentrazone-ethyl
539.97,0.253147924,0.541827044,0.983961952,1.984109409,2.826472457,3.892002872,5.218568928,6.854649479,221.18,Chlorfluazuron
291.091,0.778797191,1.586437511,2.869325598,4.795966606,6.073559506,7.611956936,9.271633502,11.13610337,174.19,Chloroxuron
213.08,0.196371218,0.650146027,1.384430623,2.725592324,3.662609357,4.642152123,6.127738277,7.643794933,144.78,Chlortoluron
360.141,-0.166726346,-0.172156428,0.045870336,0.525967665,0.931549931,1.625278005,2.384354615,3.480751429,193.51,Clethodim
303.02,0.393794869,1.041907416,2.058848623,3.499800371,4.424229444,5.63414245,7.17022172,8.738804137,157.81,Clofentezine
250.016,0.286891101,0.651230443,1.270862682,2.564267227,3.547471571,4.623154702,6.081030852,7.670783403,151.57,Clothianidin
325.052,0.365212209,0.812910317,1.549773559,2.667547271,3.402840981,4.303724683,5.447961848,6.827017725,166.91,Cyazofamid
199.181,0.423070455,1.003192729,2.00475619,3.668126038,4.820123492,6.206672085,7.925587175,9.865969167,143.91,Cycluron
292.121,0.435661065,1.122131988,2.385444404,4.451230432,5.856571943,7.46725,9.129415869,11.391,166.83,Cyproconazole
226.139,0.448912053,0.951403033,1.929981594,3.502280689,4.676656279,6.421710901,7.918,9.713695968,151.36,Cyprodinil
167.104,0.39450514,0.875590554,1.627893189,2.782547249,3.545235804,4.443816048,5.599972793,6.850137927,130.68,Cyromazine
301.119,0.265849726,0.865749215,2.049687993,3.564195275,4.482139424,5.866583597,7.113189697,8.976597586,170.25,Desmedipham
328.099,0.077959019,0.75,1.970152305,3.55,4.599686556,6.313385913,7.633649491,9.339951461,170.68,Diclobutrazol
238.084,0.402353585,0.822101018,1.505953834,2.485879008,3.112489127,3.89347545,4.799101216,5.923925268,149.58,Dicrotophos
268.155,-1.02050063,-0.403787719,1.701565221,3.41657692,3.814825513,5.155273225,6.495720937,7.995657066,169.28,Diethofencarb
406.073,-0.000138418,0.25,0.852125292,2.125417775,2.993965733,3.810280912,5.509030313,7.548647664,201.15,Difenoconazole
311.04,0.495988716,1.141115462,2.199890899,3.62222812,4.499338056,5.623401537,6.747465018,8.178556771,160.64,Diflubenzuron
230.007,0.479245993,1.317696401,2.713061307,4.79759599,6.177990297,7.87568988,9.573389462,11.49370503,140.98,Dimethoate
388.133,0.375227582,0.861545661,1.683201839,2.933066128,3.775256943,4.855291219,6.059777054,7.441074438,193.58,Dimethomorph
327.171,0.176898785,0.726740401,1.92571766,3.697756859,4.952714176,6.958412279,8.73531283,11.03004168,179.21,Dimoxystrobin
326.083,0.206345596,0.518021634,1.074004319,2.144386353,2.955112374,3.968136856,5.304973784,6.843529218,171.73,Diniconazole
224.092,0.50402707,0.98507428,1.738618039,2.931557349,3.714701574,4.542777552,5.566052853,6.676569474,141.93,Dioxacarb
233.025,0.291390963,0.677842705,1.303450232,2.210397819,2.815451517,3.622905788,4.528259259,5.790187686,146.54,Diuron
330.082,0.551895039,1.017855729,1.68314584,2.9110481,3.773645452,4.553346578,5.581482796,6.737454141,175.2,Epoxiconazole
328.062,0.399821724,0.868381881,1.600833756,2.788854402,3.586674564,4.485814511,5.739999257,7.0211,171.72,Etaconazole
396.991,0.267134647,0.966155334,2.174535766,3.662819432,4.483565873,5.524594766,6.565623659,7.787574012,180.91,Ethiprole
210.161,0.624218868,1.073504878,1.392316741,2.370560929,3.349753485,4.484354581,5.618955678,6.44200206,149.92,Ethirimol
287.095,0.451719462,0.987124061,1.924182522,3.458425247,4.424196793,5.397339909,7.148297296,9.403507334,169.63,Ethofumesate
360.185,0.565379688,1.383477068,2.720209235,4.817488914,6.243169383,7.912128883,9.581088383,11.55860229,185.73,Etoxazole
375.133,0.591942489,1.248103691,2.349193746,4.062838948,5.221570888,6.63131502,8.041059151,9.031862262,196.73,Famoxadon
312.118,0.436407776,1.035257654,2.040357748,3.56361225,4.571414572,5.815749159,7.250421712,8.838833049,171.35,Fenamidone
331.041,0.423975786,0.919493455,1.689407803,2.57769114,3.081382363,3.830078531,4.58803963,5.800901222,174.42,Fenarimol
307.184,0.998064572,2.243231027,4.244782455,7.283525656,9.248922802,11.42779279,13.92151062,16.67680327,165.29,Fenazaquin
337.123,2.686104839,3.695304734,3.786247436,4.713684059,5.871675421,6.53159695,7.191518479,8.756974702,178.78,Fenbuconazole
302.071,0.595815172,1.231543421,2.25175881,3.789788521,4.789305513,5.97249168,7.462364627,9.038042654,160.33,Fenhexamid
208.134,0.088743735,0.695740179,1.571867491,2.859573168,3.779913973,5.064960678,6.350007384,8.180331726,145.57,Fenobucarb
302.14,0.174688197,0.727055827,1.653394135,3.067957622,3.975636861,5.024453699,6.44234223,7.965511942,179.4,Fenoxycarb
304.264,0.620458286,1.539000746,3.082419074,5.524673579,7.171563845,9.046690829,10.92181781,13.19121525,176,Fenpropimorph
422.209,0.551773739,1.30514446,2.538944856,4.208413799,5.237078175,6.53364615,7.830214126,9.281878714,200.82,Fenpyroximate
165.103,-0.93467351,-0.49229446,1.201134012,3.60342504,4.852771499,6.126094841,7.399418183,8.925091442,131.6,Fenuron
436.946,-0.93467351,-0.49229446,1.201134012,3.60342504,4.852771499,6.126094841,7.399418183,8.925091442,179.44,Fipronil
230.054,-0.398383176,-0.021163927,0.772341862,0.717818677,0.309973657,0.906851994,1.503730332,2.251644215,146.74,Flonicamid
364.075,0.470608639,1.283757263,2.371880163,4.308715142,5.67481675,6.929883212,8.482310311,10.41526837,173.62,Flufenacet
489.045,0.436243732,1.07037508,2.191541234,3.685841367,4.613185848,5.907588065,7.201990282,8.799612116,207.59,Flufenoxuron
459.092,0.546333453,1.224291178,2.27468089,3.827535935,4.85980061,6.104145956,7.348491303,8.896102865,212.64,Fluoxastrobin
376.017,1.756596657,2.352186324,2.358042578,3.028826459,3.858786262,4.253498215,4.648210167,5.789066607,173.6,Fluquinconazole
316.109,0.472432166,0.990504274,1.863756673,3.233543634,4.154667279,5.240797478,6.421443609,7.853140271,172.74,Flusilazole
324.125,0.503718148,1.261661017,2.544161335,4.490089603,5.760075498,7.245986906,8.892333499,10.82030611,169.04,Flutolanil
302.112,0.302301148,0.664500766,1.254824463,2.27459907,3.003737188,3.860855105,4.918509859,6.341215569,165.52,Flutriafol
248.059,0.340788108,0.701646982,1.319935359,2.41569381,3.208662855,4.166436781,5.361844781,6.825392902,153.43,Forchlorfenuron
185.071,0.285971463,0.25,-0.023308247,0.315200088,0.985826171,1.901269081,3.122283288,4.755259508,132.88,Fuberidazole
302.143,0.574893368,1.36581852,2.673701687,4.836695602,6.323107948,8.013259095,9.997993143,12.22710803,163.24,Furalaxyl
383.169,0.582163809,1.507670204,2.93107649,5.073860737,6.4695838,8.041496345,9.86474728,11.88030306,192.59,Furathiocarb
314.083,0.378142506,0.830619762,1.590217579,2.784891372,3.589771999,4.551444425,5.660236631,6.996103935,171.85,Hexaconazole
460.989,-0.155880355,0.525392417,1.990937549,3.679512098,4.535481383,5.828729506,7.121977629,8.662113547,193.9,Hexaflumuron
353.112,0.295711063,0.954463313,2.117284934,3.791314801,4.819524263,6.010984914,7.402441419,8.92660799,180.03,Hexythiazox
495.199,0.432605503,0.941917935,1.76563411,3.023632079,3.84054653,4.755855597,5.833311679,7.063808807,235.73,Hydramethylnon
256.061,0.463079622,0.831229386,1.055679209,1.482196164,1.978469106,2.825502564,3.540947795,4.780316912,150.1,Imidacloprid
528.078,0.602985023,1.333835612,2.542602404,4.466073406,5.709609242,6.964767364,8.485768832,10.31694392,210.52,Indoxacarb
334.169,0.599716665,1.380849622,2.724907928,4.753913134,6.076478361,7.675045816,9.512101503,11.59687237,167.66,Ipconazole
321.218,0.501014793,1.295148832,2.57137904,4.457746182,5.709829364,7.277184557,8.930444612,10.78500294,184.97,Iprovalicarb
194.118,-0.102781691,0.186558297,1.157267543,2.319093788,2.849084664,3.744050127,5.425674439,7.510738579,140.4,Isoprocarb
207.15,0.22311479,0.580440289,1.227845364,2.390358651,3.248924296,4.386673732,5.914147366,7.597215631,150.35,Isoproturon
314.139,-0.635902427,0.111766692,2.30195147,4.921964297,6.149029221,7.74449655,9.339963879,11.56004423,175.13,Kresoxim-methyl
249.02,0.161614729,0.487230154,0.941953093,2.16276678,3.217646872,4.295131791,5.37261671,6.985707409,148.44,Linuron
510.986,-0.382751567,0.323423879,1.999401189,3.793830753,4.609904381,5.981959387,7.354014392,8.866831928,193.43,Lufenuron
412.136,0.694215513,1.600111509,2.985441053,5.13756807,6.615561592,8.363520513,10.11147943,12.18525693,196.28,Mandipropamid
299.087,0.368500797,1.058709709,2.14997135,3.961354083,5.195480476,6.516119675,8.123305698,10.01037724,166.42,Mefenacet
224.123,0.388216308,0.921500199,1.912691733,3.65190787,4.899703854,6.414817926,8.15115172,10.23868994,150.85,Mepanipyrim
270.151,0.415025704,1.089263948,2.216657652,3.859663084,4.941651723,6.343251552,7.836181245,9.582726437,167.68,Mepronil
340.049,0.46015621,0.879579617,1.381670767,2.536398333,3.391451148,3.929964843,4.787725149,6.036439407,176.08,Mesotrione
507.126,0.564782344,1.193231476,2.272518797,3.76230575,4.69999041,5.919961002,7.139931594,8.73990906,213.05,Metaflumizone
280.157,0.429395299,1.152420696,2.429968538,4.305248086,5.533500868,7.146426858,8.924528262,10.94281329,155.72,Metalaxyl
320.153,0.519559457,1.370560553,3.045623761,5.39229091,6.783518259,8.457898762,10.39308045,12.67652132,172.14,Metconazole
222.07,0.332110974,0.659871304,1.150011475,2.24840023,3.165496496,4.305810493,5.731607371,7.378065114,139.7,Methabenzthiazuron
142.009,-0.926208944,-2.098027178,-3.665641295,-5.048946596,-5.471934565,-5.630113224,-5.278696135,-4.531255621,116.66,Methamidophos
226.108,-0.150120121,0.218755373,1.10836711,2.02110564,2.346341983,2.882681818,4.092626369,5.965772515,149.45,Methiocarb
272.154,0.566085667,1.281070821,2.516100914,4.409538782,5.6565923,7.145245623,8.815096926,10.81231978,159.68,Methoprotryne
369.218,0.49142196,1.169135627,2.330608452,4.164861749,5.404152993,6.824032946,8.176169698,9.949266924,193.1,Methoxyfenozide
215.097,0.36572994,0.680098459,1.013827223,1.843738968,2.597989807,3.544656627,4.742490034,6.128409047,139.56,Metribuzin
225.053,0.147387679,0.83809219,2.134801057,3.421193213,4.502867848,7.660332122,9.711546134,12.27920261,136.59,Mevinphos
223.147,0.322787045,0.70002097,1.370449885,2.609132769,3.497619743,4.512173624,5.931827659,7.713859637,152.28,Mexacarbate
224.069,-0.001415495,0.41097585,1.299976139,2.524411854,3.202411277,4.028687501,5.410024654,7.382615991,139.4,Monocrotophos
215.059,0.005051196,0.139116856,0.476258914,1.320058981,2.05131034,3.069537819,4.360757941,5.941952432,142.02,Monolinuron
289.123,0.325025365,0.72690984,1.385382053,2.426801059,3.112169158,3.868294849,4.836217312,6.052085511,176.14,Myclobutanil
275.074,0.210741266,0.987105719,2.45027439,3.581118741,3.979142566,5.3015928,6.624043034,8.235432249,162.73,Neburon
271.097,0.191349391,0.511205569,1.056604976,1.780525663,2.326701335,3.384897057,4.401965329,5.812660355,157.38,Nitenpyram
493.021,-0.358306429,0.278458627,1.824781421,3.611756653,4.482934716,5.775482575,7.068030435,8.591804796,203.19,Novaluron
315.07,0.458026634,0.850127508,1.413534307,2.508225861,3.242092004,3.757749457,4.77666938,6.024192913,168.9,Nuarimol
279.135,0.112399989,0.25,1.368054476,3.109557589,4.139522242,5.556067341,7.158222324,9.115246604,155.64,Oxadixyl
284.073,0.480283991,0.975946749,1.723244448,3.068491171,4.000446166,4.913004486,6.25885025,7.777132498,161.75,Penconazole
329.148,0.487904791,1.195550357,2.349385424,3.94474534,4.963409079,6.29252704,7.621645001,9.247858929,179.27,Pencycuron
301.119,0.486582961,1.339037711,2.470987142,4.316124378,5.597064975,6.856656506,8.116248037,9.872096593,170.59,Phenmedipham
368.111,0.444180232,1.25,2.550089539,4.561041873,5.89870087,7.395698192,8.892695514,10.7389566,175.01,Picoxystrobin
239.151,0.333057366,0.802886115,1.669211821,3.111230209,4.13474213,5.454097805,6.942091235,8.786689517,146.02,Pirimicarb
376.039,0.481769616,1.003614868,1.700268971,3.170726433,4.25811833,5.215738848,6.724685733,8.088144763,180.02,Prochloraz
208.133,0.344868484,0.805550222,1.426203364,2.573647851,3.42254901,4.432208024,6.195378477,8.420338108,148.8,Promecarb
226.167,0.542786433,1.240653816,2.412961328,4.227692985,5.453002265,6.95176134,8.57464964,10.56482861,152.45,Prometon
242.15,0.496002516,1.255369714,2.520869235,4.304076312,5.444738556,6.895073535,8.345408515,10.10629104,157.19,Prometryne
189.16,0.204537312,0.728976648,1.808414679,3.63996155,4.948356744,6.662490587,8.499667856,10.64441529,143.16,Propamocarb
342.078,0.439551972,0.892650187,1.629338282,2.846648071,3.685230336,4.640973346,5.777813334,7.127872644,180.29,Propiconazole
210.112,0.667375934,0.782654869,0.844936866,1.90435731,3.009712828,4.005013225,5.435995282,7.351984863,140.64,Propoxur
344.04,0.3917999,0.925167099,1.828874708,3.318189943,4.355066176,5.558748088,6.76243,8.12039,165.83,Prothioconazole
218.105,0.000518624,-0.126574657,-0.202518868,0.090369985,0.470749588,1.004370369,1.798968473,2.793644228,149.28,Pymetrozine
218.118,0.262933486,0.650077748,1.424826634,2.825046246,3.835469873,5.080035123,6.614563401,8.501098708,144.13,Pyracarbolid
388.108,0.298746668,0.984412794,2.164325086,4.026658268,5.28875695,6.780018469,8.271279989,10.06328662,186.27,Pyraclostrobin
365.149,0.202098608,1,2.422849701,4.356040086,5.540655519,7.078558741,8.616461963,10.41522835,191.33,Pyridaben
200.121,0.302217574,0.811266591,1.743183257,3.39392665,4.594828277,6.095446574,7.892634623,10.06257235,142.27,Pyrimethanil
322.15,0.153355389,0.719851586,1.733630064,3.091155631,3.926765114,5.052916442,6.17906777,7.869478309,186.24,Pyriproxyfen
308.007,0.444610215,0.900045648,1.661695848,2.925822155,3.769379001,4.653353278,5.788632965,7.152572273,160.78,Quinoxyfen
395.152,0.578950912,1.097347435,1.99400221,3.623548469,4.796833996,6.100849441,7.545592216,8.983920949,197.34,Rotenone
226.167,0.517789597,1.189369618,2.386667142,4.188200072,5.374950752,6.864770445,8.476259633,10.49790372,153.44,Secbumeton
214.114,0.333642884,0.724724142,1.417577097,2.721253861,3.68716441,4.844115165,6.334487932,8.112751116,144.87,Simetryn
411.113,0.346467027,1.086976584,2.406453717,4.146937675,5.186055782,6.555777702,7.955864481,9.542516777,190.31,Spirodiclofen
374.2,0.5473071,1.249930383,2.334054764,4.043973531,5.238833663,6.682955885,8.127078107,9.958452774,193.47,Spirotetramat
298.279,0.593763089,1.283709117,2.414396282,4.244515771,5.467415417,6.796176604,8.39565837,10.23279858,178.24,Spiroxamine
386.99,0.335887838,1.146190052,2.638065158,4.597180282,5.81997891,7.611018235,9.269514662,11.51558658,172.57,Sulfentrazone
308.153,0.741363182,1.772357444,3.627493459,6.451324679,8.24590965,10.28089142,12.6930419,15.39966995,160.62,Tebuconazole
334.174,0.502480474,1.147992748,2.230156716,3.841038321,4.816719326,5.680133995,6.543548665,8.228383624,183.25,Tebufenpyrad
229.113,2.457679685,3.471379086,3.547346692,4.636052113,5.979254344,6.772469619,7.565684893,9.512339388,142.99,Tebuthiuron
380.982,-1.16167832,-0.652522939,1.2366104,3.3399794,4.204024463,5.499174665,6.794324867,8.378417312,169.28,Teflubenzuron
467.001,1.160241075,2.162390168,3.222201592,5.672036818,7.693485807,9.496581163,11.29967652,13.86761048,216.23,Temephos
226.167,0.46332702,1.235164865,2.54639251,4.378830207,5.550963602,7.0899394,8.628915198,10.48474545,150,Terbumeton
242.15,0.494845041,1.253533687,2.527941697,4.328062705,5.480379904,6.947466466,8.414553028,10.17812118,154.61,Terbutryne
372.029,0.491527996,1.100854238,2.131056142,3.69798598,4.725603945,5.936813081,7.276709991,8.915181735,170.4,Tetraconazole
202.044,0.061906706,-0.041993992,-0.001197924,0.598667757,1.228548456,2.06583455,3.27581221,4.858106517,135.57,Thiabendazole
253.032,0.178960492,0.226161468,0.230516721,0.442570408,0.741672332,1.269622321,1.979834089,2.903174082,158.92,Thiacloprid
292.027,0.49639455,0.894816757,1.235933598,2.239804019,3.099197796,3.822827052,5.117942415,6.537215422,157.1,Thiamethoxam
221.05,0.444001991,1.130515887,2.433748606,4.493055818,5.804574214,7.140112808,8.475651401,10.05822952,147.29,Thidiazuron
258.072,0.165017782,0.750908793,1.807306801,3.418740158,4.507455839,5.966188203,7.632042021,9.443096075,155.12,Thiobencarb
343.054,0.582570326,1.212222118,2.25306903,3.778067734,4.802319207,6.177303047,7.628190762,9.256958156,173,Thiophanate-methyl
294.104,0.444414463,0.834288104,1.171258924,2.314479658,3.362308138,4.235150485,5.107992831,6.546789825,172.41,Triadimefon
296.135,0.289849988,0.799650368,1.555269412,2.866285931,3.756575307,4.649109437,6.055159943,7.484604094,171.43,Triadimenol
190.044,0.200061317,0.212580272,0.08224651,0.528744976,1.154840286,1.864962934,2.913893291,4.217886962,130.04,Tricyclazole
409.146,0.410441745,1.275739599,2.685525594,4.909269495,6.42392323,8.187158207,9.950393183,11.92883106,190.48,Trifloxystrobin
346.092,0.390657257,0.865042488,1.615111085,3.136075735,4.23449252,5.234622069,6.630454621,8.054389963,173.15,Triflumizole
359.041,-0.713521833,-0.155635723,1.555613279,3.738747312,4.853329164,6.324269178,7.795209193,9.484662836,165.83,Triflumuron
318.138,0.438672035,0.920718764,1.661744305,2.865429264,3.643871631,4.420613848,5.653319146,7.001453502,175.74,Triticonazole
336.033,0.596949558,1.322530949,2.454046843,4.24330557,5.413887946,6.632080805,8.142864563,9.809162777,167.43,Zoxamide
180.1,-0.186676802,-0.471928047,-0.70366571,-0.625921051,-0.343730228,0.135508235,0.826672193,1.828795118,138.5631483,"2,3-Methylenedioxyamphetamine"
310.2,0.537502205,1.272017544,2.479342863,4.294903717,5.489122029,6.897495155,8.59420235,10.30968147,176.8579943,(+)-Methadone
260,0.41744607,0.976088633,1.956770363,3.536344856,4.634199647,5.986207692,7.653663161,9.559248786,162.4979839,(+-)-Propanolol
154.1,-0.16,-1.25,-1.82,-2.23,-2.192166667,-1.9,-1.307833333,-0.37,132.2709962,4-Fluoroamphetamine
221.1,0.427227216,0.770145539,1.608466508,2.96445886,3.433524042,4.008943108,4.690135379,5.537573778,147.8419152,4-Hydroxynirvanol
286.1,0.277122171,0.700585728,1.463360246,2.671055496,3.481738952,4.531383868,5.787891536,7.306439821,162.9061891,7-Aminoclonazepam
337,0.329858732,0.825093722,1.695495315,3.019562515,3.847384088,4.929420335,6.172494166,7.669171397,189.9999947,Acebutolol
152.2,-0.555450791,-1.15109692,-1.700632159,-1.900756237,-1.628127285,-1.045285997,-0.087689277,1.21349707,130.2457101,Acetaminophen
223.1,0.128073231,-0.091819651,-0.245500598,0.01032298,0.319434816,0.825350174,1.525576555,2.515722801,153.994763,Acetamiprid
226.1,0.51,1.15,2.24,4.25,5.544458333,7.05,8.815541667,10.89,143.9916294,Acyclovir
136.1,-0.791836254,-1.662660662,-2.643482981,-3.491011984,-3.74702393,-3.779043311,-3.571084349,-3.046606269,121.3733391,Adenine
90.1,-0.785127765,-2.96883,-6.07657,-9.42015,-11.05682,-12.46496,-13.61996,-14.55269,118.355153,Alanine
309.1,0.324946466,0.935902899,1.950378107,3.399360226,4.297237761,5.531999319,6.95764712,8.589712471,170.3981435,Alprazolam
278.1,0.542168757,1.226949264,2.398337429,4.227936603,5.462751958,6.986954741,8.774005116,10.84043745,162.3143915,Amitriptyline
136.1,-0.489199584,-1.118069803,-1.704148635,-1.930924974,-1.749162886,-1.25262942,-0.389628228,0.841322147,130.0037122,Amphetamine
134.1,-0.803967467,-2.068830272,-3.709206005,-5.487267289,-6.305715031,-6.912100982,-7.305075926,-7.411212027,124.9677576,Aspartic Acid
267,0.85843823,2.082918858,4.347569842,8.009342595,10.4195515,13.30316287,16.57697164,20.31565064,154.3733325,Atenolol
290.1,0.352670577,0.828217552,1.707852554,3.071294833,3.876764641,5.023985506,6.31064158,7.743411873,165.1766364,Benzoylecgonine
118,-0.6,-1.17,-1.47,-1.22,-0.68075,0.23,1.56825,3.39,116.3174792,Betaine
262,0.584466822,1.338665493,2.621259402,4.644437033,6.0293351,7.651624133,9.588329834,11.79142082,159.4700471,Bufuralol
468.3,0.915787001,1.416610235,2.341130246,3.977350676,4.975616031,6.124487945,7.487972026,9.13456788,204.9493085,Buprenorphine
360.1,0.424661968,1.006197455,2.003887324,3.520916072,4.486402445,5.680158793,7.078292025,8.737621596,191.9913095,Buscopan
386.3,0.67517865,1.289829316,2.334926257,3.893031083,4.856871352,6.115192125,7.503811372,9.080725557,188.3146498,Buspirone
195.1,-0.324698064,-0.609715482,-0.809215932,-0.720652288,-0.439687806,0.05945544,0.61263474,1.785946111,134.1900616,Caffeine
237.1,0.285982029,0.80283125,1.770609025,3.388719206,4.528344577,5.945050592,7.613555557,9.595624592,149.21,Carbamazepine
261.1,0.420372578,1,2.1,4,5.2,6.5,8.4,10.4,163.0457725,Carisoprodol
323,0.029456213,0.593670777,1.212625557,1.820575021,2.470142933,2.96943861,4.062240938,5.260776428,168.2592546,Chloramphenicol
299.9,0.33,0.74,1.34,2.4,3.153416667,4.08,5.199083333,6.53,167.81,Chlordiazepoxide
275.1,0.6,1.06,2.37,4.39,5.799833333,7.46,9.307666667,11.28,162.9566654,Chlorpheniramine
316.1,0.413713605,1.036575523,2.107971324,3.73794239,4.789296837,6.089628794,7.62093331,9.303490344,168.4699194,Chlorprothixene
338.9,0.490796049,1.072161779,1.950131938,3.114802888,3.805419202,4.764538586,5.770173097,7.005696852,173.3884436,Chlorthalidone
104.1,-0.861599985,-1.506936002,-1.808178667,-1.265245571,-0.441560168,0.861726369,2.693527618,5.078079342,111.9415131,Choline
253.1,0.193521873,0.414845884,0.883249429,1.783815239,2.473404131,3.474863536,4.658796166,6.192078301,158.2453705,Cimetidine
277.1,0.624218893,1.404686814,2.661572745,4.568515207,5.868945868,7.315966197,9.060373032,11.03966506,159.3773451,Clenbuterol
316.1,0.0436212,0.469035952,1.012147202,1.771564558,2.49588361,3.152644009,4.30381215,5.533099882,171.4199968,Clonazepam
230,-0.076310459,-0.080972791,0.108689257,0.74917066,1.311220424,2.131575754,3.118324237,4.516672375,142.4133286,Clonidine
304.1,0.430444447,1.052767092,2.138425566,3.803499651,4.873243913,6.231554649,7.854292671,9.432412688,170.7120707,Cocaine
177.1,-0.0635582,-0.481464059,-0.918915084,-0.992363277,-0.834818958,-0.511760213,0.003629829,0.818354332,140.4788593,Cotinine
167.1,-0.062973283,-0.256625915,-0.237879119,0.362619944,0.965010412,1.877102652,3.058970111,4.639991282,129.6653501,Cyromazine
244.1,0.097473751,0.140568675,0.333515427,0.903113921,1.391918796,2.052860136,2.912612649,4.220951452,149.2002012,Cytidine
289.1,0.39,0.81,1.56,2.75,3.617833333,4.7,6.004666667,7.54,161.8242973,Desalkylflurazepam
267.2,0.432832421,0.962069891,1.870327696,3.311016832,4.331210952,5.596578963,7.108456662,8.881357618,157.2609684,Desipramine
272,0.478939512,1.046320738,2.006419014,3.474735304,4.425874081,5.612066553,7.029383802,8.630881477,156.4202694,Desomorphine
252.1,0.38,0.92,1.86,3.43,4.49925,5.79,7.33075,9.15,165.5798705,Desoxypipradrol
285.1,0.358050254,0.897434674,1.790369084,3.193037089,4.196239709,5.393437469,6.859203125,8.500984475,163.409592,Diazepam
302.2,0.48,1,1.9,3.19,4.0705,5.14,6.4095,7.89,163.3415113,Dihydrocodeine
141.9,-0.98,-2.24,-3.57,-4.85,-5.234916667,-5.33,-5.062583333,-4.36,124.72,Dimetridazole
256.2,0.574188916,1.186611161,2.314839537,4.177178628,5.408119957,6.962513003,8.783555318,10.88734801,162.0800137,Diphenhydramine
220.1,0.418479881,0.65,1,2.2,2.9,4.1,5.4,7.3,138.7296199,D-Pantothenic acid
166.1,-0.189487272,-0.507671022,-0.634553076,-0.238124087,0.277199664,1.112505624,2.287872608,3.861335099,133.4254354,Ephedrine
289.1,0.282701264,0.837480378,1.732976914,2.96327058,3.78212916,4.82026843,6.085410205,7.594980007,162.18,Epitestosterone
222.1,-0.000419218,0.015488219,0.268922152,1.04387809,1.708955925,2.588298589,3.739212664,5.208130459,148.9211399,Ethylone
304.2,0.58,1.27,2.21,4.1,5.37425,6.84,8.48825,10.31,168.186379,Fenoterol
337.2,0.585753,1.461029329,2.877946704,4.988213721,6.388652869,7.946579205,9.781314698,11.97428632,186.7688002,Fentanyl
310.1,0.62,1.38,2.66,4.62,5.911875,7.42,9.140625,11.07,177.3203195,Fluoxetine
319.2,0.317584853,0.96288352,2.066912098,3.718824386,4.91001609,6.292637735,8.18213712,9.197264531,171.2192093,Fluvoxamine
172.1,0.007737023,-0.033436086,0.152741921,0.883158758,1.529982355,2.369907543,3.458166901,4.898034898,133.2871623,Gabapentin
152.3,-0.158386248,-0.9,-1.9,-2.679187699,-2.728679639,-2.599656604,-2.067650024,-1.18977731,129.7097838,Guanine
284.3,0.489402974,0.629265611,1.021599223,1.903006394,2.467298845,3.311784717,4.281142527,5.520587336,157.9030993,Guanosine
376.1,0.340160425,0.809928743,1.645403908,2.928433304,3.716536739,4.749575355,5.928058141,7.323488621,191.0030464,Haloperidol
111.8,-1.090361884,-2.458108975,-3.667964185,-4.103963734,-4.035364218,-3.548376092,-2.554003073,-1.064864853,115.7286602,Histamine
300.2,0.359247446,0.851483599,1.722456134,3.081451998,3.931360517,5.028128796,6.279848957,7.759715475,167.88,Hydrocodone
256.2,-0.034839112,0.164581526,0.513630903,1.122724773,1.722364892,2.482809498,3.513056412,4.738623578,152.8462667,Imidacloprid
281.2,0.53,1.2,2.36,4.16,5.375333333,6.82,8.497166667,10.41,160.7643697,Imipramine
282.1,0.062666854,0.549164631,1.376285837,2.631545284,3.524327902,4.635449056,5.915566044,7.417208407,167.1842033,Indoprofen
238.1,0.3,0.72,1.5,2.86,3.839041667,5.06,6.553458333,8.35,144.4979595,Ketamine
255.1,0.632756426,0.728570474,1.227726436,2.967211502,4.35124984,5.9,7.4,9.037013636,153.5100889,Ketoprofen
256.1,0.079076805,0.846203757,1.785560446,3.183456359,4.946137059,6.665879747,8.622936603,10.90337822,156.8147818,Ketorolac
251.1,0.53777835,1.093530267,2.057367002,3.689583209,4.91515707,6.566097163,8.223098154,10.2750406,157.9536694,Lacosamide
256,0.084027817,0.191368809,0.438897202,0.987937374,1.469678982,2.103285084,2.972974568,4.093649438,152.68,Lamotrigine
175.2,0.002817634,0.040257335,0.358170088,1.288173493,2.106487223,3.192965628,4.657755382,6.461604537,129.1458741,L-arginine
133.1,-0.98354787,-2.253808621,-3.785164425,-5.291623746,-5.934456008,-6.35745067,-6.473211965,-6.298809116,125.0849807,L-asparagine
148.1,-0.696626163,-1.633286329,-2.708669744,-3.671892524,-3.987723608,-4.017579391,-3.851036198,-3.317365428,127.3720073,L-glutamic acid
76,-0.322719374,-3.07777,-7.7836,-13.63944,-16.6509,-19.65948,-22.6617,-25.65409,116.6153197,L-Glycine
156.1,-0.490468022,-1.082983243,-1.624547001,-1.80847052,-1.646309194,-1.197425003,-0.388687221,0.74484113,127.6823999,L-histidine
235.1,0.446550771,0.90693647,1.68764125,3.124199496,4.366508035,5.865210246,7.457971854,9.471037711,156.8149493,Lidocaine
132.1,-0.397057998,-1.294903363,-2.371466487,-3.261530015,-3.517337286,-3.502979911,-3.193736549,-2.549881091,128.1562542,L-Isoleucine
132.1,-0.416042454,-1.294796149,-2.358804932,-3.258681456,-3.512308883,-3.503898347,-3.191263599,-2.547534663,129.8224646,L-leucine
147.2,-0.392504641,-0.592060014,-0.595790224,-0.252342101,0.211753252,0.96903893,2.066860457,3.521351388,123.4462872,L-lysine
150.1,-0.658544499,-1.380291098,-2.150451848,-2.747385819,-2.791852401,-2.57335704,-2.033988711,-1.10099963,127.2781936,L-methionine
405.2,0.580413178,1.752558722,3.20931607,4.732453218,5.961395231,7.43524173,9.092145449,10.98569064,186.9331514,Lovastatin
166.1,-0.127073011,-0.645271749,-1.204732938,-1.478727859,-1.408747135,-1.07592345,-0.447863264,0.456146545,136.0590745,L-phenylalanine
116.1,-1.18879479,-2.786873191,-4.763647694,-6.733934982,-7.571535114,-8.151339521,-8.382298791,-8.226131277,120.1124852,L-proline
106.1,-1.032479625,-2.865342083,-5.419448903,-8.341651368,-9.793361029,-11.09905626,-12.19416201,-12.95744745,120.1700009,L-serine
120,-0.928571501,-2.387366449,-4.227522352,-6.077681065,-6.891525269,-7.477851123,-7.776743734,-7.730717072,122.4165359,L-threonine
182.1,0.365871833,-0.6,-1.6,-1.8,-1.9,-1.8,-1.4,-0.9,140.7527262,L-Tyrosine
118.1,-0.652123385,-1.810302108,-3.23283377,-4.534541219,-4.993555732,-5.222571209,-5.039653894,-4.543311918,123.6061819,L-Valine
135.1,0.402287752,-1.54348602,-3.944567112,-5.502894368,-6.275461812,-7.093578233,-7.277299918,-7.422947695,120.223534,Malic Acid
278.2,0.55,1.24,2.41,4.25,5.480291667,6.94,8.642208333,10.6,160.5049995,Maprotiline
127.1,-0.867779166,-1.786340108,-2.772286722,-3.561126676,-3.731511008,-3.649572541,-3.249380405,-2.483163535,119.54,Melamine
233.1,0.556124142,1.073676973,1.905102705,3.283803698,4.292301804,5.658484937,7.258628452,9.08533947,148.861583,Melatonin
219.1,0.224262567,0.831449525,1.782453476,3.563124621,5.378761065,7.2,8.943069727,10.44134089,143.1617363,Meprobamate
150,0.011177623,-0.209869965,-0.165236793,0.569676705,1.287879762,2.317897519,3.652920824,5.60748996,133.1612373,Methamphetamine
126,-0.863583673,-1.7162682,-2.464433111,-2.709174124,-2.443187783,-1.786638471,-0.673786077,0.909187186,120.6679175,Methylhistamine
268,0.569988435,1.03,1.89,3.43,4.50683,5.81,7.35817,9.17,162.5992575,Metoprolol
210.1,0.018265859,0.105392406,0.392570221,1.122990737,1.758978916,2.541713711,3.567067418,4.868578563,143.03,monoxidil
199,0,-0.1,-0.09,0.45,1.03675,1.9,3.09075,4.66,140.8700675,Monuron
286.1,0.329325413,0.749924695,1.455357637,2.518665212,3.233811497,4.14862558,5.248769196,6.52262617,160.1949272,Morphine
231.1,0.46740513,1.077988146,1.984601305,3.361702871,4.240910644,5.201783207,7.191680632,8.77130343,150.8587504,Naproxen
123.1,-1.088436614,-2.517386785,-4.214312432,-5.764253944,-6.350785816,-6.661586504,-6.617579637,-6.217086788,123.2331097,Niacinamide (Nicotinamide)
124.1,-1.057786631,-2.533598131,-4.308409105,-5.948546324,-6.575730905,-6.91403627,-6.915950827,-6.539376703,120.3545476,Nicotinic acid (Niacin)
309.1,0.66,1.22,2.39,4.18,5.751708333,7.65,9.593291667,11.3,170.7200144,Nifenazone
282.1,0.5,0.97,1.75,3,3.91275,5.02,6.29475,7.71,166.22,Nitrazepam
180.1,0,-0.03,0.23,0.97,1.652125,2.61,3.887875,5.53,134.989263,N-methylephedrine
170.1,0.58,1.25,2.45,4.32,5.56175,7.05,8.82075,10.91,136.0345735,Norepinephrine
233.2,0.4,0.93,1.85,3.41,4.481166667,5.78,7.336333333,9.18,151.2200274,Norfentanyl
234.1,0.396026143,0.913967845,1.899851053,3.586631561,4.717490367,6.110549639,7.719810871,9.601074162,154.1262468,Normeperidine
264,0.347584868,0.846139827,1.712550305,3.094983105,4.068550813,5.302130103,6.814337867,8.59292301,164.0985011,Nortriptyline
250.1,0.425996524,1.00413897,2.034173771,3.704243192,4.861906068,6.285913231,8.02057819,10.01354444,151.7861076,O-Desmethyl-cis-tramadol HCL
287.1,0.34152319,0.836550469,1.668389526,2.958739601,3.881193035,5.007151808,6.412873018,8.047011894,160.745,Oxazepam
302.1,0.383454092,0.875590018,1.751276063,3.088470983,3.864642431,4.92532522,6.123480193,7.488108036,161.06,Oxymorphone
316.2,0.518008944,1.202396274,2.352761533,4.111865317,5.266568648,6.674378575,8.37944558,9.959207242,173.7817393,Pamaquine
192.1,0.09,-0.03,0.25,1.02,1.715541667,2.69,3.991958333,5.67,146.6750647,Pentedrone
404.2,0.822584797,1.416092946,2.478490293,4.301946471,5.470841157,6.714837208,8.243286103,10.05670532,191.9995352,Perphenazine
180,-0.075285647,-0.299023519,-0.296823353,0.359328038,1.036754165,2.012007715,3.320431888,5.052881999,140.4309618,Phenacetin
241.2,0.52,1.28,2.63,4.89,6.429083333,8.24,10.30841667,12.62,154.6102261,Pheniramine
256.2,0.377368653,0.944324322,2.011252508,3.79010374,5.049184648,6.658449612,8.598763493,10.88065176,153.6921927,phenyltoloxamine
315.2,0.210287565,0.651577365,1.421792473,2.528516836,3.189954719,4.09936987,5.125812589,6.295227981,172.0177016,Progesterone
342.2,0.56242142,1.470071008,2.989026081,5.294832917,6.855723463,8.623285535,10.74152519,13.39496577,175.0494117,Propafenone
264,0.381197784,0.852905469,1.699754081,3.091875789,4.061436762,5.286718825,6.772056278,8.54765403,159.2342915,Protriptyline
166.1,-0.192588827,-0.513941676,-0.680217378,-0.292176858,0.235315064,1.025178783,2.137222751,3.652569592,134.851587,Pseudoephedrine
168.1,0.39557854,-0.23888156,-0.818926646,-0.488887356,-0.133659746,0.369328047,1.627630245,3,127.4884572,Pyridoxal
325.2,0.51807147,1.194110819,2.303406204,4.004548374,5.107705825,6.402067447,7.909456186,9.402749579,174.714,Quinidine
205.1,0.510128175,0.726299547,1.395893886,2.472188266,2.583082515,2.891442206,3.36162844,3.818015056,144.4968674,R-(-)-Nirvanol
302,0.71,1.52,2.91,4.19,5.370875,6.96,8.821625,10.82,166.2061643,Ractopamine
315.2,0.395387992,0.92638265,1.880706296,3.359687104,4.312993258,5.56871237,7.027378054,8.708011275,166.6766576,ranitidine
304,0.54,1.19,2.32,4.04,5.254583333,6.72,8.415416667,10.32,178.0258323,Retigabine
220.1,0.238742399,0.629094654,1.415879369,2.856815615,3.905795143,5.209021791,6.761970008,8.669146811,146.505188,Ritalinic Acid
207.1,0.420709611,0.921474077,1.879671939,3.524082148,4.434734975,5.00756897,6.465033642,8.215937106,150.6090938,S-(+)-Ibuprofen
240.1,0.486796332,1.10334022,2.213629829,4.072171332,5.332966656,6.830702784,8.587158788,10.57352697,152.3583769,Salbutamol
139,-1.01563695,-1.795630731,-3.007880255,-4.694233685,-5.281036351,-5.65404941,-5.773668441,-5.655370559,120.5547913,Salicylic Acid
89.8,-0.829684784,-2.96959,-6.05322,-9.42502,-11.04174,-12.46662,-13.63593,-14.50783,116.5073311,Sarcosine
188.1,0.230492741,0.691258496,1.793222423,3.93687944,5.514610964,7.411624452,9.672681142,12.30389378,139.8074597,Selegiline
251.1,0.0461929,0.28537931,0.676267497,1.39386458,2.025717831,2.871113966,3.96522659,5.37608997,153.3550754,Sulfadiazine
265,0.283402428,0.689190504,1.445606393,2.682741906,3.531246331,4.642827092,6.028160381,7.601338713,156.2880728,Sulfamerazine
278.9,0.436166886,0.863687872,1.706906079,3.136356688,4.050607943,5.311347712,6.809391796,8.478655669,159.810987,Sulfamethazine (Sulfadimidine)
342.1,0.352607816,0.869254176,1.756636812,3.082153188,3.901062177,4.981652842,6.182812479,7.592921964,185.4492708,Sulpiride
222.1,0.333942234,0.857744655,1.89250568,3.746991916,5.077886452,6.689268228,8.614124025,10.83738014,148.1169028,Tapentadol
301.1,0.300584361,0.914327036,1.964342815,3.441085448,4.300778906,5.599877385,7.031815964,8.595382066,164.255,Temazepam
226.1,0.442301927,1.065252452,2.196714588,4.073130976,5.352034289,6.863367527,8.64207782,10.69073242,151.3444566,Terbutaline
289.2,0.314080486,0.76888874,1.59844808,2.858787124,3.548067555,4.577531471,5.699483533,6.919588909,163.83,Testosterone
127.1,-0.863905203,-1.792147636,-2.727798369,-3.474433385,-3.807293875,-3.862699631,-3.547210372,-2.75619306,118.312944,Thymine
271.1,-0.068459853,0.473384144,1.379591461,2.660995151,3.773125542,5.346117248,6.942109539,8.702561116,164.9135353,Tolbutamide
264.2,0.536155601,1.196039555,2.359606701,4.230752683,5.491520571,7.024837118,8.8510087,10.94899567,158.290006,Tramadol
291.1,0.49,0.91,1.88,3.36,4.33,5.5,6.9125,8.61,170.8031698,Trimethoprim
295.2,0.65,1.23,2.56,4.33,5.596375,7.13,8.873625,10.77,166.3759943,Trimipramine
113,-0.890215991,-2.068,-3.12798,-3.61168,-3.55134,-3.15569,-2.27843,-0.77328,115.1718052,Uracil
245.1,-0.596423249,0.5,1.2,0.6,1,2.1,2.8,3.5,147.414131,Uridine
288.05,-0.05259,0.5,1.53451,3.35761,4.604668208,6.07182,7.749749292,9.62914,156.35,Vamidothion
278.2,0.48,1.09,2.14,3.83,4.951458333,6.28,7.836041667,9.64,168.4605033,Venlafaxein
455.3,1.031580429,1.965662346,3.573159819,6.041986466,7.663282211,9.512699222,10.23246037,12.50077172,217.9699371,Verapamil
130,-0.986084428,-2.040556557,-3.044379918,-3.610878872,-3.566002118,-3.096694021,-2.200293088,-0.889105576,124.1407796,Vigabatrin
309.1,0.348393832,1.133236211,2.429205234,4.19656676,5.321415264,6.906646861,8.678695103,10.55118104,168.8900296,Warfarin
153.1,-0.153727676,-0.978652243,-1.96198097,-2.7002314,-3.008549062,-3.169497845,-3.149298543,-2.888323848,129.6413446,Xanthine
308,0.333014007,0.862820789,1.792495036,3.245434122,4.195812435,5.387784598,6.814620653,8.63679234,176.1650215,Zolpidem
104.1,-1.544411326,-3.1,-5,-6.9,-7.5,-7.9,-7.8,-7.2,118.2670359,4-Aminobutyric acid (GABA)
340.1,0.60770927,1.326273911,2.565679569,4.432176876,5.626013362,7.102915836,8.858586404,10.74381581,182.5089516,Propoxyphene
421.8,0.96911385,1.67202598,2.712938205,4.302455835,5.377774148,6.631404253,8.197990906,9.924335188,187.5816406,Bendroflumethiazide
288,0.526262259,1.283222378,2.448130685,4.201575817,5.491748213,6.853534487,8.56377435,10.44202536,168.8338119,Etodolac
531.1,0.802258214,1.200175617,1.98602334,3.371311394,4.199849945,5.20418951,6.478812439,7.890852536,211.6594972,Ketoconazole
147.1,-0.422549886,-0.614421128,-0.602672366,-0.255144596,0.211742894,0.978911925,2.063620379,3.522149524,126.9592247,L-glutamine
477.2,0.764799755,1.365692015,2.301979771,3.760751037,4.789685026,5.860344059,7.16854691,8.723862728,221.7998656,Loperamide
205.1,0.220989411,0.06328335,0.009630632,0.417489889,0.796486489,1.3812187,2.144784273,3.089336806,145.4593037,L-tryptophan
326.1,0.460749176,1.000008945,1.979131233,3.530868945,4.495970175,5.737203968,7.153443815,8.832695664,172.9646675,Midazolam
328.1,0.348831552,0.824367201,1.67528717,2.97969375,3.757169032,4.815021041,6.018763772,7.340845343,169.9193936,Naloxone
414.3,0.767737239,1.477468285,2.48132731,3.79258418,4.662097502,5.769662725,6.996439089,8.473579588,193.2157802,Norbuprenorphine
286.1,0.317037478,0.751906123,1.468941846,2.524999082,3.238846495,4.146905956,5.26098863,6.520933726,166.202766,Norcodeine
302.1,0.343977657,0.873152169,1.765777562,3.065006717,3.850200015,4.9117282,6.104072133,7.403822371,163.4602413,Noroxycodone HCL
292.06,0.3664639,1.138384466,2.239602553,3.36562758,3.978639892,5.150239406,6.720561178,8.725523616,162.6432613,Norsertraline HCL
383.8,0.478630375,1.175672061,2.277158329,3.837685899,4.821971996,6.01562185,7.380891771,8.886827949,197.6270663,Prazosin
361.1,0.420664051,0.93320823,1.79098886,2.998080878,3.687360629,4.77802953,5.82388503,7.083540909,177.8411598,Prednisolone
315.1,0.314687104,0.861537154,1.818147461,3.240260018,4.136621073,5.306561422,6.710871906,8.326784647,176.272,Safranin O
273.1,0.454011233,1.054366788,2.078994496,3.640381167,4.703407672,6.014930819,7.576642214,9.384789541,162.8108599,Sotalol
372.1,0.594458808,1.518028557,2.992950752,5.129518096,6.519344401,8.060330905,9.845114808,11.97857369,200.2514187,Tamoxifen
516.3,0.851872381,1.818337971,3.421124099,5.763062556,7.341255708,9.244360468,11.54833697,14.17877089,195.2157338,Taurocholic Acid
472.3,0.754419434,1.529877719,2.765562597,4.492464608,5.589682366,6.836279934,8.346237763,9.987926872,231.0726057,Terfenadine
388.2,0.649470339,1.167834003,2.059281124,3.506481522,4.467579506,5.540326104,6.849266273,8.425387648,184.8344188,Urapidil
